﻿<?xml version="1.0" encoding="utf-8"?>
<Project SchemaVersion="2.41.177.0" ProjectRevision="557">
  <Guid>d4d34750-6322-46b5-b3c1-a6ceae50b4f9</Guid>
  <ProjectFiles>
    <ProjectFile Name="ProjectImages.neo" ModifiedDate="2019-03-05T09:48:18.4206438+08:00" Length="456" />
    <ProjectFile Name="Symbols\beijer_logo_rgb.jpg" ModifiedDate="2019-02-19T14:16:36.4993468+08:00" Length="8954" />
    <ProjectFile Name="Symbols\br_arrow previous.lib" ModifiedDate="2018-11-06T07:31:36+08:00" Length="23561" />
    <ProjectFile Name="Symbols\br_ok9.lib" ModifiedDate="2018-11-06T07:31:36+08:00" Length="23377" />
    <ProjectFile Name="SntpClientRootComponent.neo" ModifiedDate="2019-02-11T16:00:44.8073705+08:00" Length="470" />
    <ProjectFile Name="ProjectConfiguration.neo" ModifiedDate="2019-03-04T17:53:42.094346+08:00" Length="7890" />
    <ProjectFile Name="Security.neo" ModifiedDate="2019-02-11T16:00:44.8731945+08:00" Length="451" />
    <ProjectFile Name="Security.xml" ModifiedDate="2019-02-11T16:00:44.8801765+08:00" Length="694" />
    <ProjectFile Name="LicenseRootComponent.neo" ModifiedDate="2019-02-20T09:37:52.9867338+08:00" Length="21137" />
    <ProjectFile Name="Expressions.neo" ModifiedDate="2019-02-11T16:00:44.8981593+08:00" Length="459" />
    <ProjectFile Name="MultipleLanguages.neo" ModifiedDate="2019-04-10T15:24:38.3814779+08:00" Length="19923" />
    <ProjectFile Name="Tags.neo" ModifiedDate="2019-04-10T14:47:18.4795604+08:00" Length="9857" />
    <ProjectFile Name="AlarmServer.neo" ModifiedDate="2019-02-11T16:00:45.1514519+08:00" Length="1056" />
    <ProjectFile Name="Screen1.neoxaml" ModifiedDate="2019-04-10T16:08:21.9068051+08:00" Length="799" />
    <ProjectFile Name="Screen1.Script.cs" ModifiedDate="2019-04-10T16:08:21.9068051+08:00" Length="11584" />
    <ProjectFile Name="Screen1.xaml" ModifiedDate="2019-04-10T16:08:21.9856261+08:00" Length="18366" />
    <ProjectFile Name="Screen2.neoxaml" ModifiedDate="2019-02-20T10:24:31.0619319+08:00" Length="799" />
    <ProjectFile Name="Screen2.Script.cs" ModifiedDate="2019-02-20T10:24:31.0619319+08:00" Length="782" />
    <ProjectFile Name="Screen2.xaml" ModifiedDate="2019-02-20T10:24:31.0789204+08:00" Length="2292" />
    <ProjectFile Name="Screen3.neoxaml" ModifiedDate="2019-03-04T10:43:35.7383912+08:00" Length="799" />
    <ProjectFile Name="Screen3.Script.cs" ModifiedDate="2019-03-04T10:43:35.7383912+08:00" Length="2582" />
    <ProjectFile Name="Screen3.xaml" ModifiedDate="2019-03-04T10:43:35.7593067+08:00" Length="8931" />
    <ProjectFile Name="Screen4.neoxaml" ModifiedDate="2019-04-10T14:04:43.5685627+08:00" Length="799" />
    <ProjectFile Name="Screen4.Script.cs" ModifiedDate="2019-04-10T14:04:43.5685627+08:00" Length="1678" />
    <ProjectFile Name="Screen4.xaml" ModifiedDate="2019-04-10T14:04:43.5865148+08:00" Length="5778" />
    <ProjectFile Name="Screen5.neoxaml" ModifiedDate="2019-04-11T15:39:14.0936193+08:00" Length="799" />
    <ProjectFile Name="Screen5.Script.cs" ModifiedDate="2019-04-11T15:39:14.0936193+08:00" Length="6792" />
    <ProjectFile Name="Screen5.xaml" ModifiedDate="2019-04-11T15:39:14.111544+08:00" Length="6640" />
    <ProjectFile Name="Screen6.neoxaml" ModifiedDate="2019-04-10T14:58:49.4059211+08:00" Length="799" />
    <ProjectFile Name="Screen6.Script.cs" ModifiedDate="2019-04-10T14:58:49.4068905+08:00" Length="1718" />
    <ProjectFile Name="Screen6.xaml" ModifiedDate="2019-04-10T14:58:49.4368117+08:00" Length="7028" />
    <ProjectFile Name="Printer1.xml" ModifiedDate="2019-02-11T16:00:45.4386858+08:00" Length="850" />
    <ProjectFile Name="Controller1.neo" ModifiedDate="2019-02-27T10:21:21.1712219+08:00" Length="1368" />
    <ProjectFile Name="ScriptModule1.neo" ModifiedDate="2019-03-25T12:21:22.198302+08:00" Length="474" />
    <ProjectFile Name="ScriptModule1.Script.cs" ModifiedDate="2019-03-25T12:21:22.1995169+08:00" Length="3621" />
    <ProjectFile Name="DataLogger1.neo" ModifiedDate="2019-04-10T14:47:18.5523684+08:00" Length="4757" />
    <ProjectFile Name="ScriptModule2.neo" ModifiedDate="2019-04-10T14:17:18.8596746+08:00" Length="474" />
    <ProjectFile Name="ScriptModule2.Script.cs" ModifiedDate="2019-04-10T14:17:18.8606718+08:00" Length="2063" />
    <ProjectFile Name="DataLogger2.neo" ModifiedDate="2019-04-10T14:47:18.5573549+08:00" Length="4706" />
  </ProjectFiles>
</Project>