﻿<?xml version="1.0" encoding="utf-8"?>
<Security SchemaVersion="2.41.177.0">
  <SecurityGroups>
    <Group ID="Group_01" Name="Administrators" ProjectGuid="d4d34750-6322-46b5-b3c1-a6ceae50b4f9" />
    <Group ID="Group_02" Name="Operators" ProjectGuid="d4d34750-6322-46b5-b3c1-a6ceae50b4f9" />
  </SecurityGroups>
  <SecurityUsers>
    <User ProjectGuid="d4d34750-6322-46b5-b3c1-a6ceae50b4f9">
      <Username>Administrator</Username>
      <PasswordHash>OoMDty4A6yBaM9z7Qo7vCnMLZCU=</PasswordHash>
      <Description></Description>
      <Groups>
        <Group>Group_01</Group>
      </Groups>
      <IsErasable>False</IsErasable>
    </User>
  </SecurityUsers>
</Security>